{"cameraMode":{"drawMode":0,"name":"Shaded","section":"Shading Mode"},"sceneLighting":false,"audioPlay":false,"sceneViewState":{"showFog":true,"showMaterialUpdate":false,"showSkybox":true,"showFlares":true,"showImageEffects":true,"showParticleSystems":true},"in2DMode":false,"pivot":{"x":-1.4600000381469727,"y":1.7308571338653565,"z":-4.5369768142700199},"rotation":{"x":0.12691932916641236,"y":0.8478773236274719,"z":-0.2349410504102707,"w":0.4580373167991638},"size":5.767518520355225,"orthographic":false}