{"cameraMode":{"drawMode":0,"name":"Shaded","section":"Shading Mode"},"sceneLighting":false,"audioPlay":false,"sceneViewState":{"showFog":true,"showMaterialUpdate":false,"showSkybox":true,"showFlares":true,"showImageEffects":true,"showParticleSystems":true},"in2DMode":false,"pivot":{"x":-1.4600000381469727,"y":1.7308571338653565,"z":-4.5369768142700199},"rotation":{"x":0.19609925150871278,"y":0.7592400312423706,"z":-0.2654254138469696,"w":0.5609358549118042},"size":5.767518520355225,"orthographic":false}