{"cameraMode":{"drawMode":0,"name":"Shaded","section":"Shading Mode"},"sceneLighting":false,"audioPlay":false,"sceneViewState":{"showFog":true,"showMaterialUpdate":false,"showSkybox":true,"showFlares":true,"showImageEffects":true,"showParticleSystems":true},"in2DMode":false,"pivot":{"x":22.219999313354493,"y":0.8899999856948853,"z":22.00191879272461},"rotation":{"x":0.12691932916641236,"y":0.8478773236274719,"z":-0.2349410504102707,"w":0.4580373167991638},"size":3.7578160762786867,"orthographic":false}