{"cameraMode":{"drawMode":0,"name":"Shaded","section":"Shading Mode"},"sceneLighting":false,"audioPlay":false,"sceneViewState":{"showFog":true,"showMaterialUpdate":false,"showSkybox":true,"showFlares":true,"showImageEffects":true,"showParticleSystems":true},"in2DMode":false,"pivot":{"x":23.229629516601564,"y":67.3133544921875,"z":-1.903761625289917},"rotation":{"x":0.12691932916641236,"y":0.8478773236274719,"z":-0.2349410504102707,"w":0.4580373167991638},"size":5.767519474029541,"orthographic":false}